{"[0.0, 1.0]": {"[0.0, 1.0]": {"vfh": 0.09055250975593021, "bug_left": 0.25187250831488883, "bug_right": 0.057363729129919716}, "[1.0, 2.0]": {"vfh": 0.3527769829032529, "bug_left": 0.5175763453112121, "bug_right": 0.2437188516356681}, "[2.0, 3.0]": {"vfh": 0.15901595044900463, "bug_left": 0.8592224865425887, "bug_right": 0.7802769117381223}, "[3.0, 4.0]": {"vfh": 0.057215588670926354, "bug_left": 0.8490828862219153, "bug_right": 0.4924947455578641}, "[4.0, 5.0]": {"vfh": 0.44636983052293544, "bug_left": 0.613894231585095, "bug_right": 0.22860655060738755}}, "[1.0, 2.0]": {"[0.0, 1.0]": {"vfh": 0.09055250975593021, "bug_left": 0.25187250831488883, "bug_right": 0.057363729129919716}, "[1.0, 2.0]": {"vfh": 0.3527769829032529, "bug_left": 0.5175763453112121, "bug_right": 0.2437188516356681}, "[2.0, 3.0]": {"vfh": 0.15901595044900463, "bug_left": 0.8592224865425887, "bug_right": 0.7802769117381223}, "[3.0, 4.0]": {"vfh": 0.057215588670926354, "bug_left": 0.8490828862219153, "bug_right": 0.4924947455578641}, "[4.0, 5.0]": {"vfh": 0.44636983052293544, "bug_left": 0.613894231585095, "bug_right": 0.22860655060738755}}, "[2.0, 3.0]": {"[0.0, 1.0]": {"vfh": 0.09055250975593021, "bug_left": 0.25187250831488883, "bug_right": 0.057363729129919716}, "[1.0, 2.0]": {"vfh": 0.3527769829032529, "bug_left": 0.5175763453112121, "bug_right": 0.2437188516356681}, "[2.0, 3.0]": {"vfh": 0.15901595044900463, "bug_left": 0.8592224865425887, "bug_right": 0.7802769117381223}, "[3.0, 4.0]": {"vfh": 0.057215588670926354, "bug_left": 0.8490828862219153, "bug_right": 0.4924947455578641}, "[4.0, 5.0]": {"vfh": 0.44636983052293544, "bug_left": 0.613894231585095, "bug_right": 0.22860655060738755}}, "[3.0, 4.0]": {"[0.0, 1.0]": {"vfh": 0.09055250975593021, "bug_left": 0.25187250831488883, "bug_right": 0.057363729129919716}, "[1.0, 2.0]": {"vfh": 0.3527769829032529, "bug_left": 0.5175763453112121, "bug_right": 0.2437188516356681}, "[2.0, 3.0]": {"vfh": 0.15901595044900463, "bug_left": 0.8592224865425887, "bug_right": 0.7802769117381223}, "[3.0, 4.0]": {"vfh": 0.057215588670926354, "bug_left": 0.8490828862219153, "bug_right": 0.4924947455578641}, "[4.0, 5.0]": {"vfh": 0.44636983052293544, "bug_left": 0.613894231585095, "bug_right": 0.22860655060738755}}, "[4.0, 5.0]": {"[0.0, 1.0]": {"vfh": 0.09055250975593021, "bug_left": 0.25187250831488883, "bug_right": 0.057363729129919716}, "[1.0, 2.0]": {"vfh": 0.3527769829032529, "bug_left": 0.5175763453112121, "bug_right": 0.2437188516356681}, "[2.0, 3.0]": {"vfh": 0.15901595044900463, "bug_left": 0.8592224865425887, "bug_right": 0.7802769117381223}, "[3.0, 4.0]": {"vfh": 0.057215588670926354, "bug_left": 0.8490828862219153, "bug_right": 0.4924947455578641}, "[4.0, 5.0]": {"vfh": 0.44636983052293544, "bug_left": 0.613894231585095, "bug_right": 0.22860655060738755}}}