{"[0.0, 1.0]": {"[0.0, 1.0]": {"vfh": 1.001, "bug_left": 0.8327522646762745, "bug_right": 0.5838373832535575}, "[1.0, 2.0]": {"vfh": 1.001, "bug_left": 0.38705272796388634, "bug_right": 0.8955808602571922}, "[2.0, 3.0]": {"vfh": 1.001, "bug_left": 0.5724166752665525, "bug_right": 0.4718692891593407}, "[3.0, 4.0]": {"vfh": 1.001, "bug_left": 0.5929720686311138, "bug_right": 0.4286797929571369}, "[4.0, 5.0]": {"vfh": 1.001, "bug_left": 0.1943398670911476, "bug_right": 0.7105167961744472}}, "[1.0, 2.0]": {"[0.0, 1.0]": {"vfh": 1.001, "bug_left": 0.13448718808488513, "bug_right": 0.43671400026697893}, "[1.0, 2.0]": {"vfh": 1.001, "bug_left": 0.7818642118405695, "bug_right": 0.05176123966144919}, "[2.0, 3.0]": {"vfh": 10.0, "bug_left": 10.0, "bug_right": 10.0}, "[3.0, 4.0]": {"vfh": 10.0, "bug_left": 10.0, "bug_right": 10.0}, "[4.0, 5.0]": {"vfh": 1.001, "bug_left": 0.571224811555634, "bug_right": 0.9278085505612415}}, "[2.0, 3.0]": {"[0.0, 1.0]": {"vfh": 1.001, "bug_left": 0.37012926767412957, "bug_right": 0.9074765905432207}, "[1.0, 2.0]": {"vfh": 1.001, "bug_left": 0.033210750726190064, "bug_right": 0.31097605329556277}, "[2.0, 3.0]": {"vfh": 10.0, "bug_left": 10.0, "bug_right": 10.0}, "[3.0, 4.0]": {"vfh": 10.0, "bug_left": 10.0, "bug_right": 10.0}, "[4.0, 5.0]": {"vfh": 1.001, "bug_left": 0.03161660491615992, "bug_right": 0.42422208638852144}}, "[3.0, 4.0]": {"[0.0, 1.0]": {"vfh": 1.001, "bug_left": 0.14520350321875608, "bug_right": 0.4700099228824035}, "[1.0, 2.0]": {"vfh": 1.001, "bug_left": 0.5242496375511081, "bug_right": 0.5520915224067768}, "[2.0, 3.0]": {"vfh": 1.001, "bug_left": 0.6815870946943808, "bug_right": 0.6608643875225522}, "[3.0, 4.0]": {"vfh": 1.001, "bug_left": 0.35519420976528193, "bug_right": 0.36255414908411765}, "[4.0, 5.0]": {"vfh": 1.001, "bug_left": 0.8420065207395787, "bug_right": 0.1981245244171942}}, "[4.0, 5.0]": {"[0.0, 1.0]": {"vfh": 1.001, "bug_left": 0.2193669512883467, "bug_right": 0.18290088177203312}, "[1.0, 2.0]": {"vfh": 1.001, "bug_left": 0.530611326447159, "bug_right": 0.5468476970843305}, "[2.0, 3.0]": {"vfh": 1.001, "bug_left": 0.6315166516383881, "bug_right": 0.9796200122472069}, "[3.0, 4.0]": {"vfh": 1.001, "bug_left": 0.6465534534131336, "bug_right": 0.5250430529014525}, "[4.0, 5.0]": {"vfh": 1.001, "bug_left": 0.7485341927973672, "bug_right": 0.7729439652789469}}}